{"schemaVersion":"1.0","appDefinitionTemplate":{"id":"/providers/Microsoft.PowerApps/apps/","type":"Microsoft.PowerApps/apps","tags":{"primaryDeviceWidth":"640","primaryDeviceHeight":"1136","supportsPortrait":"true","supportsLandscape":"true","primaryFormFactor":"Phone","publisherVersion":"3.22101.23","minimumRequiredApiVersion":"2.2.0","hasComponent":"false","hasUnlockedComponent":"false","isUnifiedRootApp":"false","sienaVersion":"20221013T033420Z-3.22101.23.0"},"properties":{"appVersion":"2022-10-13T03:34:20Z","lifeCycleId":"Published","createdByClientVersion":{"major":3,"minor":22101,"build":23,"revision":0,"majorRevision":0,"minorRevision":0},"minClientVersion":{"major":3,"minor":22101,"build":23,"revision":0,"majorRevision":0,"minorRevision":0},"backgroundColor":"rgba(0, 212, 219, 1)","backgroundImageUri":"/15390860985727593218/N777e0b28-3802-449d-8bbe-f4b126411385-logoSmallFile","displayName":"BarcodeReaderPreview","description":"","commitMessage":"","appUris":{"documentUri":{"value":"/15390860985727593218/Nce035b9e-4c06-46bb-a030-e183a8f391fa-document.msapp"},"imageUris":[],"additionalUris":[]},"createdTime":"0001-01-01T00:00:00Z","lastModifiedTime":"0001-01-01T00:00:00Z","sharedGroupsCount":0,"sharedUsersCount":0,"icons":{"smallIconUri":"/15390860985727593218/Ndda9d603-5bc6-4515-a697-d45bbf8bfe18-small.png","mediumIconUri":"/15390860985727593218/N9d444f6a-fa2f-4f5d-bf69-7f8f46c4fa37-medium.png","largeIconUri":"/15390860985727593218/Nd34f819b-bbab-4848-b980-75670dd28ae0-large.png","wideIconUri":"/15390860985727593218/Na4dd493a-90ee-45cc-b67c-f7e325ab8ef7-wide.png"},"connectionReferences":{},"databaseReferences":{},"almMode":"Environment","performanceOptimizationEnabled":true,"canConsumeAppPass":true,"enableModernRuntimeMode":false,"executionRestrictions":{"isTeamsOnly":false,"dataLossPreventionEvaluationResult":{"status":"Compliant","lastEvaluationDate":"2022-10-13T03:13:00.8242615Z","violations":[],"violationsByPolicy":[],"violationErrorMessage":"このアプリでは、次のコネクタが使用されます: 。"}}},"appType":"ClassicCanvasApp","appComponents":[]}}